Símbolo,Nombre,Precio Actual
MXN=X,USD/MXN,18.1916
EURMXN=X,EUR/MXN,20.5424
CLP=X,USD/CLP,972.0300
EURCLP=X,EUR/CLP,"1,097.4900"
COP=X,USD/COP,"3,278.5000"
EURCOP=X,EUR/COP,"3,700.9099"
ARS=X,USD/ARS,"1,524.5000"
EURARS=X,EUR/ARS,"1,726.4978"
PEN=X,USD/PEN,3.4484
CRC=X,USD/CRC,454.2600
BRL=X,USD/BRL,5.1625
EURUSD=X,EUR/USD,1.1296
JPY=X,USD/JPY,158.1680
GBPUSD=X,GBP/USD,1.3220
CHF=X,USD/CHF,0.8357
AUDUSD=X,AUD/USD,0.6948
USDCAD=X,USD/CAD,1.4243
EURJPY=X,EUR/JPY,178.6020
GBPJPY=X,GBP/JPY,209.0740
EURGBP=X,EUR/GBP,0.8542
EURCHF=X,EUR/CHF,0.9437
USDCNY=X,USD/CNY,6.6987
USDHKD=X,USD/HKD,7.8469
USDSGD=X,USD/SGD,1.2803
USDINR=X,USD/INR,96.3150
USDRUB=X,USD/RUB,83.3440
